{"cameraMode":{"drawMode":0,"name":"Shaded","section":"Shading Mode"},"sceneLighting":true,"audioPlay":false,"sceneViewState":{"m_AlwaysRefresh":false,"showFog":true,"showSkybox":true,"showFlares":true,"showImageEffects":true,"showParticleSystems":true,"showVisualEffectGraphs":true,"m_FxEnabled":true},"in2DMode":false,"pivot":{"x":-6.1192193031311039,"y":-11.261092185974121,"z":-14.360390663146973},"rotation":{"x":-0.06666529923677445,"y":0.9251416325569153,"z":-0.3203088045120239,"w":-0.19254812598228455},"size":12.592442512512207,"orthographic":false}