{"cameraMode":{"drawMode":0,"name":"Shaded","section":"Shading Mode"},"sceneLighting":true,"audioPlay":false,"sceneViewState":{"m_AlwaysRefresh":false,"showFog":true,"showSkybox":true,"showFlares":true,"showImageEffects":true,"showParticleSystems":true,"showVisualEffectGraphs":true,"m_FxEnabled":true},"in2DMode":false,"pivot":{"x":0.20504352450370789,"y":0.714293360710144,"z":0.9877560138702393},"rotation":{"x":-0.0764489397406578,"y":0.8122140765190125,"z":-0.10933426022529602,"w":-0.5679137110710144},"size":0.8926421403884888,"orthographic":false}